fid	nid	filename	filepath	filemime	filesize
99	121	_original	sites/files/gainesfilm/images/vogel-brakhage_letters2.jpg	image/jpeg	1205279
102	122	_original	sites/files/gainesfilm/images/vogel-brakhage_letters3.jpg	image/jpeg	631493
105	123	_original	sites/files/gainesfilm/images/vogel-brakhage_letters4.jpg	image/jpeg	1098577
5	20	_original	sites/files/gainesfilm/images/cinema_16_invitations.jpg	image/jpeg	813720
767	20	preview	sites/files/gainesfilm/images/cinema_16_invitations.preview.jpg	image/jpeg	45558
766	20	thumbnail	sites/files/gainesfilm/images/cinema_16_invitations.thumbnail.jpg	image/jpeg	2535
8	21	_original	sites/files/gainesfilm/images/vogel_program_announcement.jpg	image/jpeg	806459
177	21	preview	sites/files/gainesfilm/images/vogel_program_announcement.preview.jpg	image/jpeg	50801
176	21	thumbnail	sites/files/gainesfilm/images/vogel_program_announcement.thumbnail.jpg	image/jpeg	2304
11	25	_original	sites/files/gainesfilm/images/cinema_16_dist_catalo1.jpg	image/jpeg	679081
617	25	preview	sites/files/gainesfilm/images/cinema_16_dist_catalo1.preview.jpg	image/jpeg	30020
616	25	thumbnail	sites/files/gainesfilm/images/cinema_16_dist_catalo1.thumbnail.jpg	image/jpeg	2222
14	26	_original	sites/files/gainesfilm/images/cinema_16_dist_catalo2.jpg	image/jpeg	677531
619	26	preview	sites/files/gainesfilm/images/cinema_16_dist_catalo2.preview.jpg	image/jpeg	36303
618	26	thumbnail	sites/files/gainesfilm/images/cinema_16_dist_catalo2.thumbnail.jpg	image/jpeg	2544
17	49	_original	sites/files/gainesfilm/images/gmaciunas-manifesto.jpg	image/jpeg	235632
711	49	preview	sites/files/gainesfilm/images/gmaciunas-manifesto.preview.jpg	image/jpeg	64818
710	49	thumbnail	sites/files/gainesfilm/images/gmaciunas-manifesto.thumbnail.jpg	image/jpeg	2781
41	97	_original	sites/files/gainesfilm/images/leonard.jpg	image/jpeg	55939
22	85	_original	sites/files/gainesfilm/images/arzner.jpg	image/jpeg	32551
199	85	preview	sites/files/gainesfilm/images/arzner.preview.jpg	image/jpeg	25203
198	85	thumbnail	sites/files/gainesfilm/images/arzner.thumbnail.jpg	image/jpeg	2151
25	86	_original	sites/files/gainesfilm/images/arzner2.jpg	image/jpeg	51881
201	86	preview	sites/files/gainesfilm/images/arzner2.preview.jpg	image/jpeg	36773
200	86	thumbnail	sites/files/gainesfilm/images/arzner2.thumbnail.jpg	image/jpeg	2608
28	87	_original	sites/files/gainesfilm/images/demille.jpg	image/jpeg	104892
115	87	preview	sites/files/gainesfilm/images/demille.preview.jpg	image/jpeg	56640
114	87	thumbnail	sites/files/gainesfilm/images/demille.thumbnail.jpg	image/jpeg	3374
714	97	thumbnail	sites/files/gainesfilm/images/leonard.thumbnail.jpg	image/jpeg	2180
715	97	preview	sites/files/gainesfilm/images/leonard.preview.jpg	image/jpeg	37785
33	89	_original	sites/files/gainesfilm/images/fairfax.jpg	image/jpeg	48199
713	89	preview	sites/files/gainesfilm/images/fairfax.preview.jpg	image/jpeg	35495
712	89	thumbnail	sites/files/gainesfilm/images/fairfax.thumbnail.jpg	image/jpeg	3024
36	90	_original	sites/files/gainesfilm/images/Gauntier.jpg	image/jpeg	72788
613	90	preview	sites/files/gainesfilm/images/Gauntier.preview.jpg	image/jpeg	48876
612	90	thumbnail	sites/files/gainesfilm/images/Gauntier.thumbnail.jpg	image/jpeg	2684
621	98	preview	sites/files/gainesfilm/images/macpherson.preview.jpg	image/jpeg	52910
44	98	_original	sites/files/gainesfilm/images/macpherson.jpg	image/jpeg	76839
620	98	thumbnail	sites/files/gainesfilm/images/macpherson.thumbnail.jpg	image/jpeg	2939
47	99	_original	sites/files/gainesfilm/images/mathias.jpg	image/jpeg	61743
623	99	preview	sites/files/gainesfilm/images/mathias.preview.jpg	image/jpeg	39353
622	99	thumbnail	sites/files/gainesfilm/images/mathias.thumbnail.jpg	image/jpeg	2868
50	101	_original	sites/files/gainesfilm/images/meredyth.jpg	image/jpeg	105463
113	101	preview	sites/files/gainesfilm/images/meredyth.preview.jpg	image/jpeg	68367
112	101	thumbnail	sites/files/gainesfilm/images/meredyth.thumbnail.jpg	image/jpeg	2795
53	102	_original	sites/files/gainesfilm/images/nazimova.jpg	image/jpeg	77109
109	102	preview	sites/files/gainesfilm/images/nazimova.preview.jpg	image/jpeg	58037
108	102	thumbnail	sites/files/gainesfilm/images/nazimova.thumbnail.jpg	image/jpeg	3787
56	104	_original	sites/files/gainesfilm/images/nazimova2.jpg	image/jpeg	47153
111	104	preview	sites/files/gainesfilm/images/nazimova2.preview.jpg	image/jpeg	33014
110	104	thumbnail	sites/files/gainesfilm/images/nazimova2.thumbnail.jpg	image/jpeg	2084
59	105	_original	sites/files/gainesfilm/images/reininger.jpg	image/jpeg	57677
709	105	preview	sites/files/gainesfilm/images/reininger.preview.jpg	image/jpeg	42743
708	105	thumbnail	sites/files/gainesfilm/images/reininger.thumbnail.jpg	image/jpeg	2936
62	106	_original	sites/files/gainesfilm/images/shipman.jpg	image/jpeg	138580
719	106	preview	sites/files/gainesfilm/images/shipman.preview.jpg	image/jpeg	54204
718	106	thumbnail	sites/files/gainesfilm/images/shipman.thumbnail.jpg	image/jpeg	3205
65	107	_original	sites/files/gainesfilm/images/west.jpg	image/jpeg	56178
179	107	preview	sites/files/gainesfilm/images/west.preview.jpg	image/jpeg	40547
178	107	thumbnail	sites/files/gainesfilm/images/west.thumbnail.jpg	image/jpeg	2949
68	108	_original	sites/files/gainesfilm/images/withinourgates.jpg	image/jpeg	282542
765	108	preview	sites/files/gainesfilm/images/withinourgates.preview.jpg	image/jpeg	57980
764	108	thumbnail	sites/files/gainesfilm/images/withinourgates.thumbnail.jpg	image/jpeg	3659
71	109	_original	sites/files/gainesfilm/images/ebony.jpg	image/jpeg	403296
611	109	preview	sites/files/gainesfilm/images/ebony.preview.jpg	image/jpeg	86110
610	109	thumbnail	sites/files/gainesfilm/images/ebony.thumbnail.jpg	image/jpeg	3671
74	110	_original	sites/files/gainesfilm/images/johnson_gant.jpg	image/jpeg	126392
721	110	preview	sites/files/gainesfilm/images/johnson_gant.preview.jpg	image/jpeg	53964
720	110	thumbnail	sites/files/gainesfilm/images/johnson_gant.thumbnail.jpg	image/jpeg	2971
77	111	_original	sites/files/gainesfilm/images/flyingace.jpg	image/jpeg	200617
763	111	preview	sites/files/gainesfilm/images/flyingace.preview.jpg	image/jpeg	64439
762	111	thumbnail	sites/files/gainesfilm/images/flyingace.thumbnail.jpg	image/jpeg	3394
80	112	_original	sites/files/gainesfilm/images/rex.jpg	image/jpeg	334063
759	112	preview	sites/files/gainesfilm/images/rex.preview.jpg	image/jpeg	64265
758	112	thumbnail	sites/files/gainesfilm/images/rex.thumbnail.jpg	image/jpeg	3571
83	113	_original	sites/files/gainesfilm/images/rex2.jpg	image/jpeg	57122
761	113	preview	sites/files/gainesfilm/images/rex2.preview.jpg	image/jpeg	30088
760	113	thumbnail	sites/files/gainesfilm/images/rex2.thumbnail.jpg	image/jpeg	2090
86	114	_original	sites/files/gainesfilm/images/Gunsaulus Mystery Story.jpg	image/jpeg	316100
615	114	preview	sites/files/gainesfilm/images/Gunsaulus Mystery Story.preview.jpg	image/jpeg	58410
614	114	thumbnail	sites/files/gainesfilm/images/Gunsaulus Mystery Story.thumbnail.jpg	image/jpeg	3238
723	312	thumbnail	sites/files/gainesfilm/images/cinema_16_rashomon_pamphlet1.thumbnail.jpg	image/jpeg	2162
722	312	_original	sites/files/gainesfilm/images/cinema_16_rashomon_pamphlet1.jpg	image/jpeg	932440
96	120	_original	sites/files/gainesfilm/images/vogel-brakhage_letters1.jpg	image/jpeg	1045030
97	120	thumbnail	sites/files/gainesfilm/images/vogel-brakhage_letters1.thumbnail.jpg	image/jpeg	2169
98	120	preview	sites/files/gainesfilm/images/vogel-brakhage_letters1.preview.jpg	image/jpeg	51476
100	121	thumbnail	sites/files/gainesfilm/images/vogel-brakhage_letters2.thumbnail.jpg	image/jpeg	2125
101	121	preview	sites/files/gainesfilm/images/vogel-brakhage_letters2.preview.jpg	image/jpeg	60177
103	122	thumbnail	sites/files/gainesfilm/images/vogel-brakhage_letters3.thumbnail.jpg	image/jpeg	2257
104	122	preview	sites/files/gainesfilm/images/vogel-brakhage_letters3.preview.jpg	image/jpeg	61452
106	123	thumbnail	sites/files/gainesfilm/images/vogel-brakhage_letters4.thumbnail.jpg	image/jpeg	2324
107	123	preview	sites/files/gainesfilm/images/vogel-brakhage_letters4.preview.jpg	image/jpeg	60133
116	124	_original	sites/files/gainesfilm/images/A_demille_a-23-1.jpg	image/jpeg	813552
117	124	thumbnail	sites/files/gainesfilm/images/A_demille_a-23-1.thumbnail.jpg	image/jpeg	1888
118	124	preview	sites/files/gainesfilm/images/A_demille_a-23-1.preview.jpg	image/jpeg	41152
119	125	_original	sites/files/gainesfilm/images/A_demille_a-23-2.jpg	image/jpeg	343281
120	125	thumbnail	sites/files/gainesfilm/images/A_demille_a-23-2.thumbnail.jpg	image/jpeg	1986
121	125	preview	sites/files/gainesfilm/images/A_demille_a-23-2.preview.jpg	image/jpeg	48826
122	126	_original	sites/files/gainesfilm/images/A_demille_a-23-3.jpg	image/jpeg	302482
123	126	thumbnail	sites/files/gainesfilm/images/A_demille_a-23-3.thumbnail.jpg	image/jpeg	1830
124	126	preview	sites/files/gainesfilm/images/A_demille_a-23-3.preview.jpg	image/jpeg	41390
135	127	thumbnail	sites/files/gainesfilm/images/C_demille_letter_1918-1.thumbnail.jpg	image/jpeg	1970
134	127	_original	sites/files/gainesfilm/images/C_demille_letter_1918-1.jpg	image/jpeg	1163356
128	128	_original	sites/files/gainesfilm/images/C_demille_letter_1918-2.jpg	image/jpeg	1240648
129	128	thumbnail	sites/files/gainesfilm/images/C_demille_letter_1918-2.thumbnail.jpg	image/jpeg	2125
130	128	preview	sites/files/gainesfilm/images/C_demille_letter_1918-2.preview.jpg	image/jpeg	75516
136	127	preview	sites/files/gainesfilm/images/C_demille_letter_1918-1.preview.jpg	image/jpeg	67048
137	129	_original	sites/files/gainesfilm/images/B_demille_1933_letters1.jpg	image/jpeg	440444
138	129	thumbnail	sites/files/gainesfilm/images/B_demille_1933_letters1.thumbnail.jpg	image/jpeg	1961
139	129	preview	sites/files/gainesfilm/images/B_demille_1933_letters1.preview.jpg	image/jpeg	55936
140	130	_original	sites/files/gainesfilm/images/B_demille_1933_letters2.jpg	image/jpeg	248979
141	130	thumbnail	sites/files/gainesfilm/images/B_demille_1933_letters2.thumbnail.jpg	image/jpeg	1508
142	130	preview	sites/files/gainesfilm/images/B_demille_1933_letters2.preview.jpg	image/jpeg	29707
143	131	_original	sites/files/gainesfilm/images/B_demille_1933_letters3.jpg	image/jpeg	559203
144	131	thumbnail	sites/files/gainesfilm/images/B_demille_1933_letters3.thumbnail.jpg	image/jpeg	2273
145	131	preview	sites/files/gainesfilm/images/B_demille_1933_letters3.preview.jpg	image/jpeg	70257
146	132	_original	sites/files/gainesfilm/images/B_demille_1933_letters4.jpg	image/jpeg	295572
147	132	thumbnail	sites/files/gainesfilm/images/B_demille_1933_letters4.thumbnail.jpg	image/jpeg	1782
148	132	preview	sites/files/gainesfilm/images/B_demille_1933_letters4.preview.jpg	image/jpeg	37506
149	133	_original	sites/files/gainesfilm/images/B_demille_1933_letters5.jpg	image/jpeg	444973
150	133	thumbnail	sites/files/gainesfilm/images/B_demille_1933_letters5.thumbnail.jpg	image/jpeg	2046
151	133	preview	sites/files/gainesfilm/images/B_demille_1933_letters5.preview.jpg	image/jpeg	57047
152	134	_original	sites/files/gainesfilm/images/B_demille_1933_letters6.jpg	image/jpeg	419903
153	134	thumbnail	sites/files/gainesfilm/images/B_demille_1933_letters6.thumbnail.jpg	image/jpeg	2110
154	134	preview	sites/files/gainesfilm/images/B_demille_1933_letters6.preview.jpg	image/jpeg	51037
155	135	_original	sites/files/gainesfilm/images/cinema_16_dist_catalogues1.jpg	image/jpeg	1003654
156	135	thumbnail	sites/files/gainesfilm/images/cinema_16_dist_catalogues1.thumbnail.jpg	image/jpeg	2163
157	135	preview	sites/files/gainesfilm/images/cinema_16_dist_catalogues1.preview.jpg	image/jpeg	53259
158	136	_original	sites/files/gainesfilm/images/cinema_16_dist_catalogues2.jpg	image/jpeg	1095842
159	136	thumbnail	sites/files/gainesfilm/images/cinema_16_dist_catalogues2.thumbnail.jpg	image/jpeg	2242
160	136	preview	sites/files/gainesfilm/images/cinema_16_dist_catalogues2.preview.jpg	image/jpeg	59706
161	137	_original	sites/files/gainesfilm/images/cinema_16_dist_catalogues3.jpg	image/jpeg	889822
162	137	thumbnail	sites/files/gainesfilm/images/cinema_16_dist_catalogues3.thumbnail.jpg	image/jpeg	2063
163	137	preview	sites/files/gainesfilm/images/cinema_16_dist_catalogues3.preview.jpg	image/jpeg	40579
164	138	_original	sites/files/gainesfilm/images/cinema_16_dist_catalogues4.jpg	image/jpeg	513536
165	138	thumbnail	sites/files/gainesfilm/images/cinema_16_dist_catalogues4.thumbnail.jpg	image/jpeg	2110
166	138	preview	sites/files/gainesfilm/images/cinema_16_dist_catalogues4.preview.jpg	image/jpeg	44014
167	139	_original	sites/files/gainesfilm/images/cinema_16_dist_catalogues5.jpg	image/jpeg	737527
168	139	thumbnail	sites/files/gainesfilm/images/cinema_16_dist_catalogues5.thumbnail.jpg	image/jpeg	1904
169	139	preview	sites/files/gainesfilm/images/cinema_16_dist_catalogues5.preview.jpg	image/jpeg	34074
170	140	_original	sites/files/gainesfilm/images/cinema_16_dist_catalogues6.jpg	image/jpeg	820605
171	140	thumbnail	sites/files/gainesfilm/images/cinema_16_dist_catalogues6.thumbnail.jpg	image/jpeg	2178
172	140	preview	sites/files/gainesfilm/images/cinema_16_dist_catalogues6.preview.jpg	image/jpeg	42691
173	141	_original	sites/files/gainesfilm/images/cinema_16_dist_catalogues7.jpg	image/jpeg	819799
174	141	thumbnail	sites/files/gainesfilm/images/cinema_16_dist_catalogues7.thumbnail.jpg	image/jpeg	2120
175	141	preview	sites/files/gainesfilm/images/cinema_16_dist_catalogues7.preview.jpg	image/jpeg	41911
180	142	_original	sites/files/gainesfilm/images/brakhage_conversation1.jpg	image/jpeg	1224072
181	142	thumbnail	sites/files/gainesfilm/images/brakhage_conversation1.thumbnail.jpg	image/jpeg	2341
182	142	preview	sites/files/gainesfilm/images/brakhage_conversation1.preview.jpg	image/jpeg	62949
183	143	_original	sites/files/gainesfilm/images/brakhage_conversation2.jpg	image/jpeg	1255627
184	143	thumbnail	sites/files/gainesfilm/images/brakhage_conversation2.thumbnail.jpg	image/jpeg	2425
185	143	preview	sites/files/gainesfilm/images/brakhage_conversation2.preview.jpg	image/jpeg	49401
186	144	_original	sites/files/gainesfilm/images/brakhage_conversation3.jpg	image/jpeg	1296464
187	144	thumbnail	sites/files/gainesfilm/images/brakhage_conversation3.thumbnail.jpg	image/jpeg	2357
188	144	preview	sites/files/gainesfilm/images/brakhage_conversation3.preview.jpg	image/jpeg	57657
189	145	_original	sites/files/gainesfilm/images/vogel-anger_letters1.jpg	image/jpeg	1341735
190	145	thumbnail	sites/files/gainesfilm/images/vogel-anger_letters1.thumbnail.jpg	image/jpeg	2218
191	145	preview	sites/files/gainesfilm/images/vogel-anger_letters1.preview.jpg	image/jpeg	62985
192	146	_original	sites/files/gainesfilm/images/vogel-anger_letters2.jpg	image/jpeg	1065823
193	146	thumbnail	sites/files/gainesfilm/images/vogel-anger_letters2.thumbnail.jpg	image/jpeg	2163
194	146	preview	sites/files/gainesfilm/images/vogel-anger_letters2.preview.jpg	image/jpeg	53048
195	147	_original	sites/files/gainesfilm/images/vogel-anger_letters3.jpg	image/jpeg	1082126
196	147	thumbnail	sites/files/gainesfilm/images/vogel-anger_letters3.thumbnail.jpg	image/jpeg	2191
197	147	preview	sites/files/gainesfilm/images/vogel-anger_letters3.preview.jpg	image/jpeg	54312
202	148	_original	sites/files/gainesfilm/images/Pages from macdonald_esquire1.jpg	image/jpeg	410989
203	148	thumbnail	sites/files/gainesfilm/images/Pages from macdonald_esquire1.thumbnail.jpg	image/jpeg	2171
204	148	preview	sites/files/gainesfilm/images/Pages from macdonald_esquire1.preview.jpg	image/jpeg	45770
205	149	_original	sites/files/gainesfilm/images/Pages from macdonald_esquire2.jpg	image/jpeg	626140
206	149	thumbnail	sites/files/gainesfilm/images/Pages from macdonald_esquire2.thumbnail.jpg	image/jpeg	2276
207	149	preview	sites/files/gainesfilm/images/Pages from macdonald_esquire2.preview.jpg	image/jpeg	69842
208	150	_original	sites/files/gainesfilm/images/Pages from macdonald_esquire3.jpg	image/jpeg	576355
209	150	thumbnail	sites/files/gainesfilm/images/Pages from macdonald_esquire3.thumbnail.jpg	image/jpeg	2154
210	150	preview	sites/files/gainesfilm/images/Pages from macdonald_esquire3.preview.jpg	image/jpeg	62996
211	151	_original	sites/files/gainesfilm/images/Pages from macdonald_esquire4.jpg	image/jpeg	633994
212	151	thumbnail	sites/files/gainesfilm/images/Pages from macdonald_esquire4.thumbnail.jpg	image/jpeg	2257
213	151	preview	sites/files/gainesfilm/images/Pages from macdonald_esquire4.preview.jpg	image/jpeg	67247
214	152	_original	sites/files/gainesfilm/images/Pages from macdonald_esquire5.jpg	image/jpeg	568058
215	152	thumbnail	sites/files/gainesfilm/images/Pages from macdonald_esquire5.thumbnail.jpg	image/jpeg	2389
216	152	preview	sites/files/gainesfilm/images/Pages from macdonald_esquire5.preview.jpg	image/jpeg	52575
217	153	_original	sites/files/gainesfilm/images/Pages from macdonald_esquire6.jpg	image/jpeg	629160
218	153	thumbnail	sites/files/gainesfilm/images/Pages from macdonald_esquire6.thumbnail.jpg	image/jpeg	2263
219	153	preview	sites/files/gainesfilm/images/Pages from macdonald_esquire6.preview.jpg	image/jpeg	69252
220	154	_original	sites/files/gainesfilm/images/Pages from macdonald_esquire7.jpg	image/jpeg	535587
221	154	thumbnail	sites/files/gainesfilm/images/Pages from macdonald_esquire7.thumbnail.jpg	image/jpeg	2259
222	154	preview	sites/files/gainesfilm/images/Pages from macdonald_esquire7.preview.jpg	image/jpeg	61284
223	155	_original	sites/files/gainesfilm/images/1000102001.jpg	image/jpeg	385915
224	155	thumbnail	sites/files/gainesfilm/images/1000102001.thumbnail.jpg	image/jpeg	1897
225	155	preview	sites/files/gainesfilm/images/1000102001.preview.jpg	image/jpeg	49334
226	156	_original	sites/files/gainesfilm/images/1000102002.jpg	image/jpeg	372643
227	156	thumbnail	sites/files/gainesfilm/images/1000102002.thumbnail.jpg	image/jpeg	2329
228	156	preview	sites/files/gainesfilm/images/1000102002.preview.jpg	image/jpeg	46444
229	157	_original	sites/files/gainesfilm/images/1000102003.jpg	image/jpeg	412139
230	157	thumbnail	sites/files/gainesfilm/images/1000102003.thumbnail.jpg	image/jpeg	2671
231	157	preview	sites/files/gainesfilm/images/1000102003.preview.jpg	image/jpeg	50524
237	159	preview	sites/files/gainesfilm/images/1000102004.preview.jpg	image/jpeg	39965
236	159	thumbnail	sites/files/gainesfilm/images/1000102004.thumbnail.jpg	image/jpeg	2034
235	159	_original	sites/files/gainesfilm/images/1000102004.jpg	image/jpeg	319818
238	160	_original	sites/files/gainesfilm/images/1000102005.jpg	image/jpeg	354149
239	160	thumbnail	sites/files/gainesfilm/images/1000102005.thumbnail.jpg	image/jpeg	2740
240	160	preview	sites/files/gainesfilm/images/1000102005.preview.jpg	image/jpeg	44438
241	161	_original	sites/files/gainesfilm/images/1000102006.jpg	image/jpeg	351407
242	161	thumbnail	sites/files/gainesfilm/images/1000102006.thumbnail.jpg	image/jpeg	2623
243	161	preview	sites/files/gainesfilm/images/1000102006.preview.jpg	image/jpeg	44060
244	162	_original	sites/files/gainesfilm/images/1000102007.jpg	image/jpeg	424976
245	162	thumbnail	sites/files/gainesfilm/images/1000102007.thumbnail.jpg	image/jpeg	2777
246	162	preview	sites/files/gainesfilm/images/1000102007.preview.jpg	image/jpeg	56597
247	163	_original	sites/files/gainesfilm/images/1000102008.jpg	image/jpeg	362321
248	163	thumbnail	sites/files/gainesfilm/images/1000102008.thumbnail.jpg	image/jpeg	2684
249	163	preview	sites/files/gainesfilm/images/1000102008.preview.jpg	image/jpeg	46254
250	164	_original	sites/files/gainesfilm/images/1000102009.jpg	image/jpeg	322592
251	164	thumbnail	sites/files/gainesfilm/images/1000102009.thumbnail.jpg	image/jpeg	2269
252	164	preview	sites/files/gainesfilm/images/1000102009.preview.jpg	image/jpeg	43642
253	165	_original	sites/files/gainesfilm/images/1000102010.jpg	image/jpeg	328038
254	165	thumbnail	sites/files/gainesfilm/images/1000102010.thumbnail.jpg	image/jpeg	2480
255	165	preview	sites/files/gainesfilm/images/1000102010.preview.jpg	image/jpeg	42132
256	166	_original	sites/files/gainesfilm/images/1000102011.jpg	image/jpeg	312620
257	166	thumbnail	sites/files/gainesfilm/images/1000102011.thumbnail.jpg	image/jpeg	2012
258	166	preview	sites/files/gainesfilm/images/1000102011.preview.jpg	image/jpeg	31764
259	167	_original	sites/files/gainesfilm/images/1000102012.jpg	image/jpeg	353353
260	167	thumbnail	sites/files/gainesfilm/images/1000102012.thumbnail.jpg	image/jpeg	2128
261	167	preview	sites/files/gainesfilm/images/1000102012.preview.jpg	image/jpeg	37346
262	168	_original	sites/files/gainesfilm/images/1000102013.jpg	image/jpeg	296874
263	168	thumbnail	sites/files/gainesfilm/images/1000102013.thumbnail.jpg	image/jpeg	2004
264	168	preview	sites/files/gainesfilm/images/1000102013.preview.jpg	image/jpeg	31864
265	169	_original	sites/files/gainesfilm/images/1000102014.jpg	image/jpeg	284178
266	169	thumbnail	sites/files/gainesfilm/images/1000102014.thumbnail.jpg	image/jpeg	2339
267	169	preview	sites/files/gainesfilm/images/1000102014.preview.jpg	image/jpeg	35006
268	170	_original	sites/files/gainesfilm/images/1000102015.jpg	image/jpeg	301152
269	170	thumbnail	sites/files/gainesfilm/images/1000102015.thumbnail.jpg	image/jpeg	2292
270	170	preview	sites/files/gainesfilm/images/1000102015.preview.jpg	image/jpeg	37741
271	171	_original	sites/files/gainesfilm/images/1000102016.jpg	image/jpeg	366693
272	171	thumbnail	sites/files/gainesfilm/images/1000102016.thumbnail.jpg	image/jpeg	2256
273	171	preview	sites/files/gainesfilm/images/1000102016.preview.jpg	image/jpeg	48154
274	172	_original	sites/files/gainesfilm/images/1000102017.jpg	image/jpeg	482955
275	172	thumbnail	sites/files/gainesfilm/images/1000102017.thumbnail.jpg	image/jpeg	2407
276	172	preview	sites/files/gainesfilm/images/1000102017.preview.jpg	image/jpeg	60236
277	173	_original	sites/files/gainesfilm/images/1000102018.jpg	image/jpeg	277069
278	173	thumbnail	sites/files/gainesfilm/images/1000102018.thumbnail.jpg	image/jpeg	1934
279	173	preview	sites/files/gainesfilm/images/1000102018.preview.jpg	image/jpeg	33097
280	174	_original	sites/files/gainesfilm/images/1000102019.jpg	image/jpeg	227039
281	174	thumbnail	sites/files/gainesfilm/images/1000102019.thumbnail.jpg	image/jpeg	1672
282	174	preview	sites/files/gainesfilm/images/1000102019.preview.jpg	image/jpeg	19957
283	175	_original	sites/files/gainesfilm/images/1000102020.jpg	image/jpeg	339905
284	175	thumbnail	sites/files/gainesfilm/images/1000102020.thumbnail.jpg	image/jpeg	2159
285	175	preview	sites/files/gainesfilm/images/1000102020.preview.jpg	image/jpeg	42316
286	176	_original	sites/files/gainesfilm/images/1000102021.jpg	image/jpeg	353313
287	176	thumbnail	sites/files/gainesfilm/images/1000102021.thumbnail.jpg	image/jpeg	2182
288	176	preview	sites/files/gainesfilm/images/1000102021.preview.jpg	image/jpeg	42027
289	177	_original	sites/files/gainesfilm/images/1000102022.jpg	image/jpeg	509419
290	177	thumbnail	sites/files/gainesfilm/images/1000102022.thumbnail.jpg	image/jpeg	2566
291	177	preview	sites/files/gainesfilm/images/1000102022.preview.jpg	image/jpeg	66691
292	178	_original	sites/files/gainesfilm/images/1000102023.jpg	image/jpeg	299601
293	178	thumbnail	sites/files/gainesfilm/images/1000102023.thumbnail.jpg	image/jpeg	1684
294	178	preview	sites/files/gainesfilm/images/1000102023.preview.jpg	image/jpeg	26804
295	179	_original	sites/files/gainesfilm/images/1000102024.jpg	image/jpeg	471596
296	179	thumbnail	sites/files/gainesfilm/images/1000102024.thumbnail.jpg	image/jpeg	2421
297	179	preview	sites/files/gainesfilm/images/1000102024.preview.jpg	image/jpeg	60425
298	180	_original	sites/files/gainesfilm/images/1000102025.jpg	image/jpeg	353193
299	180	thumbnail	sites/files/gainesfilm/images/1000102025.thumbnail.jpg	image/jpeg	2358
300	180	preview	sites/files/gainesfilm/images/1000102025.preview.jpg	image/jpeg	44864
301	181	_original	sites/files/gainesfilm/images/1000102026.jpg	image/jpeg	375029
302	181	thumbnail	sites/files/gainesfilm/images/1000102026.thumbnail.jpg	image/jpeg	2212
303	181	preview	sites/files/gainesfilm/images/1000102026.preview.jpg	image/jpeg	44485
304	182	_original	sites/files/gainesfilm/images/1000102027.jpg	image/jpeg	405000
305	182	thumbnail	sites/files/gainesfilm/images/1000102027.thumbnail.jpg	image/jpeg	2759
306	182	preview	sites/files/gainesfilm/images/1000102027.preview.jpg	image/jpeg	51472
307	183	_original	sites/files/gainesfilm/images/1000102028.jpg	image/jpeg	191900
308	183	thumbnail	sites/files/gainesfilm/images/1000102028.thumbnail.jpg	image/jpeg	1698
309	183	preview	sites/files/gainesfilm/images/1000102028.preview.jpg	image/jpeg	21613
310	184	_original	sites/files/gainesfilm/images/1000102029.jpg	image/jpeg	328679
311	184	thumbnail	sites/files/gainesfilm/images/1000102029.thumbnail.jpg	image/jpeg	2558
312	184	preview	sites/files/gainesfilm/images/1000102029.preview.jpg	image/jpeg	43205
313	185	_original	sites/files/gainesfilm/images/1000102030.jpg	image/jpeg	436080
314	185	thumbnail	sites/files/gainesfilm/images/1000102030.thumbnail.jpg	image/jpeg	3182
315	185	preview	sites/files/gainesfilm/images/1000102030.preview.jpg	image/jpeg	66208
316	186	_original	sites/files/gainesfilm/images/1000102031.jpg	image/jpeg	339961
317	186	thumbnail	sites/files/gainesfilm/images/1000102031.thumbnail.jpg	image/jpeg	2747
318	186	preview	sites/files/gainesfilm/images/1000102031.preview.jpg	image/jpeg	45087
319	187	_original	sites/files/gainesfilm/images/1000102032.jpg	image/jpeg	306462
320	187	thumbnail	sites/files/gainesfilm/images/1000102032.thumbnail.jpg	image/jpeg	2792
321	187	preview	sites/files/gainesfilm/images/1000102032.preview.jpg	image/jpeg	41236
322	188	_original	sites/files/gainesfilm/images/1000102033.jpg	image/jpeg	326953
323	188	thumbnail	sites/files/gainesfilm/images/1000102033.thumbnail.jpg	image/jpeg	3023
324	188	preview	sites/files/gainesfilm/images/1000102033.preview.jpg	image/jpeg	41244
325	189	_original	sites/files/gainesfilm/images/1000102034.jpg	image/jpeg	335553
326	189	thumbnail	sites/files/gainesfilm/images/1000102034.thumbnail.jpg	image/jpeg	2621
327	189	preview	sites/files/gainesfilm/images/1000102034.preview.jpg	image/jpeg	44072
328	190	_original	sites/files/gainesfilm/images/1000102035.jpg	image/jpeg	305221
329	190	thumbnail	sites/files/gainesfilm/images/1000102035.thumbnail.jpg	image/jpeg	2882
330	190	preview	sites/files/gainesfilm/images/1000102035.preview.jpg	image/jpeg	40076
331	191	_original	sites/files/gainesfilm/images/1000102036.jpg	image/jpeg	297237
332	191	thumbnail	sites/files/gainesfilm/images/1000102036.thumbnail.jpg	image/jpeg	2908
333	191	preview	sites/files/gainesfilm/images/1000102036.preview.jpg	image/jpeg	40537
334	192	_original	sites/files/gainesfilm/images/1000102037.jpg	image/jpeg	467632
335	192	thumbnail	sites/files/gainesfilm/images/1000102037.thumbnail.jpg	image/jpeg	2375
336	192	preview	sites/files/gainesfilm/images/1000102037.preview.jpg	image/jpeg	46973
337	193	_original	sites/files/gainesfilm/images/1000102038.jpg	image/jpeg	492237
338	193	thumbnail	sites/files/gainesfilm/images/1000102038.thumbnail.jpg	image/jpeg	3174
339	193	preview	sites/files/gainesfilm/images/1000102038.preview.jpg	image/jpeg	66645
340	194	_original	sites/files/gainesfilm/images/1000102039.jpg	image/jpeg	448183
341	194	thumbnail	sites/files/gainesfilm/images/1000102039.thumbnail.jpg	image/jpeg	2637
342	194	preview	sites/files/gainesfilm/images/1000102039.preview.jpg	image/jpeg	54062
343	195	_original	sites/files/gainesfilm/images/1000102040.jpg	image/jpeg	452513
344	195	thumbnail	sites/files/gainesfilm/images/1000102040.thumbnail.jpg	image/jpeg	2835
345	195	preview	sites/files/gainesfilm/images/1000102040.preview.jpg	image/jpeg	58725
346	196	_original	sites/files/gainesfilm/images/1000102041.jpg	image/jpeg	395998
347	196	thumbnail	sites/files/gainesfilm/images/1000102041.thumbnail.jpg	image/jpeg	2899
348	196	preview	sites/files/gainesfilm/images/1000102041.preview.jpg	image/jpeg	48165
349	197	_original	sites/files/gainesfilm/images/1000102042.jpg	image/jpeg	556586
350	197	thumbnail	sites/files/gainesfilm/images/1000102042.thumbnail.jpg	image/jpeg	3536
351	197	preview	sites/files/gainesfilm/images/1000102042.preview.jpg	image/jpeg	76581
352	198	_original	sites/files/gainesfilm/images/1000102043.jpg	image/jpeg	533325
353	198	thumbnail	sites/files/gainesfilm/images/1000102043.thumbnail.jpg	image/jpeg	3106
354	198	preview	sites/files/gainesfilm/images/1000102043.preview.jpg	image/jpeg	69227
355	199	_original	sites/files/gainesfilm/images/1000102044.jpg	image/jpeg	338887
356	199	thumbnail	sites/files/gainesfilm/images/1000102044.thumbnail.jpg	image/jpeg	2536
357	199	preview	sites/files/gainesfilm/images/1000102044.preview.jpg	image/jpeg	44286
358	200	_original	sites/files/gainesfilm/images/1000102045.jpg	image/jpeg	356186
359	200	thumbnail	sites/files/gainesfilm/images/1000102045.thumbnail.jpg	image/jpeg	2664
360	200	preview	sites/files/gainesfilm/images/1000102045.preview.jpg	image/jpeg	47032
361	201	_original	sites/files/gainesfilm/images/1000102046.jpg	image/jpeg	359772
362	201	thumbnail	sites/files/gainesfilm/images/1000102046.thumbnail.jpg	image/jpeg	2753
363	201	preview	sites/files/gainesfilm/images/1000102046.preview.jpg	image/jpeg	46652
364	202	_original	sites/files/gainesfilm/images/1000102047.jpg	image/jpeg	334513
365	202	thumbnail	sites/files/gainesfilm/images/1000102047.thumbnail.jpg	image/jpeg	2601
366	202	preview	sites/files/gainesfilm/images/1000102047.preview.jpg	image/jpeg	43072
367	203	_original	sites/files/gainesfilm/images/1000102048.jpg	image/jpeg	421511
368	203	thumbnail	sites/files/gainesfilm/images/1000102048.thumbnail.jpg	image/jpeg	2789
369	203	preview	sites/files/gainesfilm/images/1000102048.preview.jpg	image/jpeg	57884
370	204	_original	sites/files/gainesfilm/images/1000102049.jpg	image/jpeg	363523
371	204	thumbnail	sites/files/gainesfilm/images/1000102049.thumbnail.jpg	image/jpeg	2320
372	204	preview	sites/files/gainesfilm/images/1000102049.preview.jpg	image/jpeg	43510
373	205	_original	sites/files/gainesfilm/images/1000102050.jpg	image/jpeg	409359
374	205	thumbnail	sites/files/gainesfilm/images/1000102050.thumbnail.jpg	image/jpeg	3306
375	205	preview	sites/files/gainesfilm/images/1000102050.preview.jpg	image/jpeg	59057
376	206	_original	sites/files/gainesfilm/images/1000102051.jpg	image/jpeg	350064
377	206	thumbnail	sites/files/gainesfilm/images/1000102051.thumbnail.jpg	image/jpeg	2593
378	206	preview	sites/files/gainesfilm/images/1000102051.preview.jpg	image/jpeg	44600
379	207	_original	sites/files/gainesfilm/images/1000102052.jpg	image/jpeg	456202
380	207	thumbnail	sites/files/gainesfilm/images/1000102052.thumbnail.jpg	image/jpeg	2801
381	207	preview	sites/files/gainesfilm/images/1000102052.preview.jpg	image/jpeg	54205
382	208	_original	sites/files/gainesfilm/images/1000102053.jpg	image/jpeg	337233
383	208	thumbnail	sites/files/gainesfilm/images/1000102053.thumbnail.jpg	image/jpeg	2379
384	208	preview	sites/files/gainesfilm/images/1000102053.preview.jpg	image/jpeg	42775
385	209	_original	sites/files/gainesfilm/images/1000102054.jpg	image/jpeg	338065
386	209	thumbnail	sites/files/gainesfilm/images/1000102054.thumbnail.jpg	image/jpeg	2458
387	209	preview	sites/files/gainesfilm/images/1000102054.preview.jpg	image/jpeg	39730
388	210	_original	sites/files/gainesfilm/images/1000102055.jpg	image/jpeg	329600
389	210	thumbnail	sites/files/gainesfilm/images/1000102055.thumbnail.jpg	image/jpeg	2275
390	210	preview	sites/files/gainesfilm/images/1000102055.preview.jpg	image/jpeg	37681
391	211	_original	sites/files/gainesfilm/images/1000102056.jpg	image/jpeg	240405
392	211	thumbnail	sites/files/gainesfilm/images/1000102056.thumbnail.jpg	image/jpeg	1896
393	211	preview	sites/files/gainesfilm/images/1000102056.preview.jpg	image/jpeg	24672
394	212	_original	sites/files/gainesfilm/images/1000102057.jpg	image/jpeg	293616
395	212	thumbnail	sites/files/gainesfilm/images/1000102057.thumbnail.jpg	image/jpeg	2134
396	212	preview	sites/files/gainesfilm/images/1000102057.preview.jpg	image/jpeg	31903
397	213	_original	sites/files/gainesfilm/images/1000102058.jpg	image/jpeg	340435
398	213	thumbnail	sites/files/gainesfilm/images/1000102058.thumbnail.jpg	image/jpeg	2273
399	213	preview	sites/files/gainesfilm/images/1000102058.preview.jpg	image/jpeg	42179
400	214	_original	sites/files/gainesfilm/images/1000102059.jpg	image/jpeg	459117
401	214	thumbnail	sites/files/gainesfilm/images/1000102059.thumbnail.jpg	image/jpeg	2058
402	214	preview	sites/files/gainesfilm/images/1000102059.preview.jpg	image/jpeg	63378
403	215	_original	sites/files/gainesfilm/images/1000102060.jpg	image/jpeg	355216
404	215	thumbnail	sites/files/gainesfilm/images/1000102060.thumbnail.jpg	image/jpeg	1783
405	215	preview	sites/files/gainesfilm/images/1000102060.preview.jpg	image/jpeg	46696
406	216	_original	sites/files/gainesfilm/images/1000102061.jpg	image/jpeg	385884
407	216	thumbnail	sites/files/gainesfilm/images/1000102061.thumbnail.jpg	image/jpeg	1491
408	216	preview	sites/files/gainesfilm/images/1000102061.preview.jpg	image/jpeg	40575
409	217	_original	sites/files/gainesfilm/images/1000102062.jpg	image/jpeg	387543
410	217	thumbnail	sites/files/gainesfilm/images/1000102062.thumbnail.jpg	image/jpeg	1523
411	217	preview	sites/files/gainesfilm/images/1000102062.preview.jpg	image/jpeg	40838
412	218	_original	sites/files/gainesfilm/images/1000102063.jpg	image/jpeg	387681
413	218	thumbnail	sites/files/gainesfilm/images/1000102063.thumbnail.jpg	image/jpeg	1529
414	218	preview	sites/files/gainesfilm/images/1000102063.preview.jpg	image/jpeg	40252
415	219	_original	sites/files/gainesfilm/images/1000102064.jpg	image/jpeg	356643
416	219	thumbnail	sites/files/gainesfilm/images/1000102064.thumbnail.jpg	image/jpeg	1393
417	219	preview	sites/files/gainesfilm/images/1000102064.preview.jpg	image/jpeg	34831
418	220	_original	sites/files/gainesfilm/images/1000102065.jpg	image/jpeg	382015
419	220	thumbnail	sites/files/gainesfilm/images/1000102065.thumbnail.jpg	image/jpeg	2379
420	220	preview	sites/files/gainesfilm/images/1000102065.preview.jpg	image/jpeg	44187
421	221	_original	sites/files/gainesfilm/images/1000102066.jpg	image/jpeg	447123
422	221	thumbnail	sites/files/gainesfilm/images/1000102066.thumbnail.jpg	image/jpeg	3240
423	221	preview	sites/files/gainesfilm/images/1000102066.preview.jpg	image/jpeg	65549
424	222	_original	sites/files/gainesfilm/images/1000102067.jpg	image/jpeg	382325
425	222	thumbnail	sites/files/gainesfilm/images/1000102067.thumbnail.jpg	image/jpeg	2196
426	222	preview	sites/files/gainesfilm/images/1000102067.preview.jpg	image/jpeg	41988
427	223	_original	sites/files/gainesfilm/images/1000102068.jpg	image/jpeg	458437
428	223	thumbnail	sites/files/gainesfilm/images/1000102068.thumbnail.jpg	image/jpeg	2860
429	223	preview	sites/files/gainesfilm/images/1000102068.preview.jpg	image/jpeg	54195
430	224	_original	sites/files/gainesfilm/images/1000102069.jpg	image/jpeg	288871
431	224	thumbnail	sites/files/gainesfilm/images/1000102069.thumbnail.jpg	image/jpeg	2187
432	224	preview	sites/files/gainesfilm/images/1000102069.preview.jpg	image/jpeg	34106
433	225	_original	sites/files/gainesfilm/images/1000102070.jpg	image/jpeg	614265
434	225	thumbnail	sites/files/gainesfilm/images/1000102070.thumbnail.jpg	image/jpeg	2717
435	225	preview	sites/files/gainesfilm/images/1000102070.preview.jpg	image/jpeg	61537
436	226	_original	sites/files/gainesfilm/images/1000102071.jpg	image/jpeg	480224
437	226	thumbnail	sites/files/gainesfilm/images/1000102071.thumbnail.jpg	image/jpeg	2308
438	226	preview	sites/files/gainesfilm/images/1000102071.preview.jpg	image/jpeg	49911
439	227	_original	sites/files/gainesfilm/images/1000102072.jpg	image/jpeg	336952
440	227	thumbnail	sites/files/gainesfilm/images/1000102072.thumbnail.jpg	image/jpeg	2249
441	227	preview	sites/files/gainesfilm/images/1000102072.preview.jpg	image/jpeg	38065
442	228	_original	sites/files/gainesfilm/images/1000102073.jpg	image/jpeg	412857
443	228	thumbnail	sites/files/gainesfilm/images/1000102073.thumbnail.jpg	image/jpeg	2328
444	228	preview	sites/files/gainesfilm/images/1000102073.preview.jpg	image/jpeg	47957
445	229	_original	sites/files/gainesfilm/images/1000102074.jpg	image/jpeg	345405
446	229	thumbnail	sites/files/gainesfilm/images/1000102074.thumbnail.jpg	image/jpeg	2408
447	229	preview	sites/files/gainesfilm/images/1000102074.preview.jpg	image/jpeg	39441
448	230	_original	sites/files/gainesfilm/images/1000102075.jpg	image/jpeg	373492
449	230	thumbnail	sites/files/gainesfilm/images/1000102075.thumbnail.jpg	image/jpeg	2389
450	230	preview	sites/files/gainesfilm/images/1000102075.preview.jpg	image/jpeg	43407
451	231	_original	sites/files/gainesfilm/images/1000102076.jpg	image/jpeg	264939
452	231	thumbnail	sites/files/gainesfilm/images/1000102076.thumbnail.jpg	image/jpeg	1738
453	231	preview	sites/files/gainesfilm/images/1000102076.preview.jpg	image/jpeg	30045
454	232	_original	sites/files/gainesfilm/images/1000102077.jpg	image/jpeg	335341
455	232	thumbnail	sites/files/gainesfilm/images/1000102077.thumbnail.jpg	image/jpeg	1902
456	232	preview	sites/files/gainesfilm/images/1000102077.preview.jpg	image/jpeg	35252
457	233	_original	sites/files/gainesfilm/images/1000102078.jpg	image/jpeg	432790
458	233	thumbnail	sites/files/gainesfilm/images/1000102078.thumbnail.jpg	image/jpeg	2290
459	233	preview	sites/files/gainesfilm/images/1000102078.preview.jpg	image/jpeg	43712
460	234	_original	sites/files/gainesfilm/images/1000102079.jpg	image/jpeg	517182
461	234	thumbnail	sites/files/gainesfilm/images/1000102079.thumbnail.jpg	image/jpeg	3018
462	234	preview	sites/files/gainesfilm/images/1000102079.preview.jpg	image/jpeg	64955
463	235	_original	sites/files/gainesfilm/images/1000102080.jpg	image/jpeg	342791
464	235	thumbnail	sites/files/gainesfilm/images/1000102080.thumbnail.jpg	image/jpeg	2194
465	235	preview	sites/files/gainesfilm/images/1000102080.preview.jpg	image/jpeg	42745
466	236	_original	sites/files/gainesfilm/images/1000102081.jpg	image/jpeg	295042
467	236	thumbnail	sites/files/gainesfilm/images/1000102081.thumbnail.jpg	image/jpeg	2562
468	236	preview	sites/files/gainesfilm/images/1000102081.preview.jpg	image/jpeg	35457
469	237	_original	sites/files/gainesfilm/images/1000102082.jpg	image/jpeg	388606
470	237	thumbnail	sites/files/gainesfilm/images/1000102082.thumbnail.jpg	image/jpeg	2157
471	237	preview	sites/files/gainesfilm/images/1000102082.preview.jpg	image/jpeg	48566
472	238	_original	sites/files/gainesfilm/images/1000102083.jpg	image/jpeg	323790
473	238	thumbnail	sites/files/gainesfilm/images/1000102083.thumbnail.jpg	image/jpeg	2285
474	238	preview	sites/files/gainesfilm/images/1000102083.preview.jpg	image/jpeg	38566
475	239	_original	sites/files/gainesfilm/images/1000102084.jpg	image/jpeg	373998
476	239	thumbnail	sites/files/gainesfilm/images/1000102084.thumbnail.jpg	image/jpeg	2579
477	239	preview	sites/files/gainesfilm/images/1000102084.preview.jpg	image/jpeg	44854
478	240	_original	sites/files/gainesfilm/images/1000102085.jpg	image/jpeg	666437
479	240	thumbnail	sites/files/gainesfilm/images/1000102085.thumbnail.jpg	image/jpeg	3340
480	240	preview	sites/files/gainesfilm/images/1000102085.preview.jpg	image/jpeg	86626
481	241	_original	sites/files/gainesfilm/images/1000102086.jpg	image/jpeg	295052
482	241	thumbnail	sites/files/gainesfilm/images/1000102086.thumbnail.jpg	image/jpeg	1594
483	241	preview	sites/files/gainesfilm/images/1000102086.preview.jpg	image/jpeg	35482
484	242	_original	sites/files/gainesfilm/images/1000102087.jpg	image/jpeg	330420
485	242	thumbnail	sites/files/gainesfilm/images/1000102087.thumbnail.jpg	image/jpeg	1877
486	242	preview	sites/files/gainesfilm/images/1000102087.preview.jpg	image/jpeg	38617
487	243	_original	sites/files/gainesfilm/images/1000102088.jpg	image/jpeg	312574
488	243	thumbnail	sites/files/gainesfilm/images/1000102088.thumbnail.jpg	image/jpeg	1870
489	243	preview	sites/files/gainesfilm/images/1000102088.preview.jpg	image/jpeg	47041
490	244	_original	sites/files/gainesfilm/images/1000102089.jpg	image/jpeg	485899
491	244	thumbnail	sites/files/gainesfilm/images/1000102089.thumbnail.jpg	image/jpeg	1801
492	244	preview	sites/files/gainesfilm/images/1000102089.preview.jpg	image/jpeg	43521
493	245	_original	sites/files/gainesfilm/images/1000102090.jpg	image/jpeg	345146
494	245	thumbnail	sites/files/gainesfilm/images/1000102090.thumbnail.jpg	image/jpeg	1684
495	245	preview	sites/files/gainesfilm/images/1000102090.preview.jpg	image/jpeg	46990
496	246	_original	sites/files/gainesfilm/images/1000102091.jpg	image/jpeg	317459
497	246	thumbnail	sites/files/gainesfilm/images/1000102091.thumbnail.jpg	image/jpeg	1558
498	246	preview	sites/files/gainesfilm/images/1000102091.preview.jpg	image/jpeg	39219
499	247	_original	sites/files/gainesfilm/images/1000102092.jpg	image/jpeg	466792
500	247	thumbnail	sites/files/gainesfilm/images/1000102092.thumbnail.jpg	image/jpeg	2542
501	247	preview	sites/files/gainesfilm/images/1000102092.preview.jpg	image/jpeg	49424
502	248	_original	sites/files/gainesfilm/images/1000102093.jpg	image/jpeg	424363
503	248	thumbnail	sites/files/gainesfilm/images/1000102093.thumbnail.jpg	image/jpeg	2339
504	248	preview	sites/files/gainesfilm/images/1000102093.preview.jpg	image/jpeg	43165
505	249	_original	sites/files/gainesfilm/images/1000102094.jpg	image/jpeg	599004
506	249	thumbnail	sites/files/gainesfilm/images/1000102094.thumbnail.jpg	image/jpeg	2317
507	249	preview	sites/files/gainesfilm/images/1000102094.preview.jpg	image/jpeg	61777
508	250	_original	sites/files/gainesfilm/images/1000102095.jpg	image/jpeg	502307
509	250	thumbnail	sites/files/gainesfilm/images/1000102095.thumbnail.jpg	image/jpeg	2312
510	250	preview	sites/files/gainesfilm/images/1000102095.preview.jpg	image/jpeg	67920
511	251	_original	sites/files/gainesfilm/images/1000102096.jpg	image/jpeg	286639
512	251	thumbnail	sites/files/gainesfilm/images/1000102096.thumbnail.jpg	image/jpeg	1392
513	251	preview	sites/files/gainesfilm/images/1000102096.preview.jpg	image/jpeg	26648
514	252	_original	sites/files/gainesfilm/images/1000102097.jpg	image/jpeg	255877
515	252	thumbnail	sites/files/gainesfilm/images/1000102097.thumbnail.jpg	image/jpeg	1418
516	252	preview	sites/files/gainesfilm/images/1000102097.preview.jpg	image/jpeg	26512
517	253	_original	sites/files/gainesfilm/images/1000102098.jpg	image/jpeg	405451
518	253	thumbnail	sites/files/gainesfilm/images/1000102098.thumbnail.jpg	image/jpeg	1771
519	253	preview	sites/files/gainesfilm/images/1000102098.preview.jpg	image/jpeg	36315
520	254	_original	sites/files/gainesfilm/images/1000102099.jpg	image/jpeg	391967
521	254	thumbnail	sites/files/gainesfilm/images/1000102099.thumbnail.jpg	image/jpeg	3040
522	254	preview	sites/files/gainesfilm/images/1000102099.preview.jpg	image/jpeg	53544
523	255	_original	sites/files/gainesfilm/images/1000102100.jpg	image/jpeg	277553
524	255	thumbnail	sites/files/gainesfilm/images/1000102100.thumbnail.jpg	image/jpeg	2478
525	255	preview	sites/files/gainesfilm/images/1000102100.preview.jpg	image/jpeg	32334
526	256	_original	sites/files/gainesfilm/images/1000102101.jpg	image/jpeg	233357
527	256	thumbnail	sites/files/gainesfilm/images/1000102101.thumbnail.jpg	image/jpeg	1146
528	256	preview	sites/files/gainesfilm/images/1000102101.preview.jpg	image/jpeg	19994
529	257	_original	sites/files/gainesfilm/images/1000102102.jpg	image/jpeg	218576
530	257	thumbnail	sites/files/gainesfilm/images/1000102102.thumbnail.jpg	image/jpeg	1349
531	257	preview	sites/files/gainesfilm/images/1000102102.preview.jpg	image/jpeg	22261
532	258	_original	sites/files/gainesfilm/images/1000102103.jpg	image/jpeg	476258
533	258	thumbnail	sites/files/gainesfilm/images/1000102103.thumbnail.jpg	image/jpeg	1857
534	258	preview	sites/files/gainesfilm/images/1000102103.preview.jpg	image/jpeg	56117
535	259	_original	sites/files/gainesfilm/images/1000102104.jpg	image/jpeg	441526
536	259	thumbnail	sites/files/gainesfilm/images/1000102104.thumbnail.jpg	image/jpeg	1694
537	259	preview	sites/files/gainesfilm/images/1000102104.preview.jpg	image/jpeg	50840
538	260	_original	sites/files/gainesfilm/images/1000102105.jpg	image/jpeg	503105
539	260	thumbnail	sites/files/gainesfilm/images/1000102105.thumbnail.jpg	image/jpeg	1793
540	260	preview	sites/files/gainesfilm/images/1000102105.preview.jpg	image/jpeg	55790
541	261	_original	sites/files/gainesfilm/images/1000102106.jpg	image/jpeg	439353
542	261	thumbnail	sites/files/gainesfilm/images/1000102106.thumbnail.jpg	image/jpeg	1799
543	261	preview	sites/files/gainesfilm/images/1000102106.preview.jpg	image/jpeg	59945
544	262	_original	sites/files/gainesfilm/images/1000102107.jpg	image/jpeg	274628
545	262	thumbnail	sites/files/gainesfilm/images/1000102107.thumbnail.jpg	image/jpeg	2702
546	262	preview	sites/files/gainesfilm/images/1000102107.preview.jpg	image/jpeg	32984
547	263	_original	sites/files/gainesfilm/images/1000102108.jpg	image/jpeg	338933
548	263	thumbnail	sites/files/gainesfilm/images/1000102108.thumbnail.jpg	image/jpeg	1604
549	263	preview	sites/files/gainesfilm/images/1000102108.preview.jpg	image/jpeg	35891
550	264	_original	sites/files/gainesfilm/images/1000102110.jpg	image/jpeg	525808
551	264	thumbnail	sites/files/gainesfilm/images/1000102110.thumbnail.jpg	image/jpeg	2211
552	264	preview	sites/files/gainesfilm/images/1000102110.preview.jpg	image/jpeg	48799
553	265	_original	sites/files/gainesfilm/images/1000102109.jpg	image/jpeg	423307
554	265	thumbnail	sites/files/gainesfilm/images/1000102109.thumbnail.jpg	image/jpeg	2130
555	265	preview	sites/files/gainesfilm/images/1000102109.preview.jpg	image/jpeg	56367
556	266	_original	sites/files/gainesfilm/images/1000102111.jpg	image/jpeg	322023
557	266	thumbnail	sites/files/gainesfilm/images/1000102111.thumbnail.jpg	image/jpeg	1906
558	266	preview	sites/files/gainesfilm/images/1000102111.preview.jpg	image/jpeg	42976
559	267	_original	sites/files/gainesfilm/images/1000102112.jpg	image/jpeg	402845
560	267	thumbnail	sites/files/gainesfilm/images/1000102112.thumbnail.jpg	image/jpeg	3279
561	267	preview	sites/files/gainesfilm/images/1000102112.preview.jpg	image/jpeg	56411
562	268	_original	sites/files/gainesfilm/images/1000102113.jpg	image/jpeg	420846
563	268	thumbnail	sites/files/gainesfilm/images/1000102113.thumbnail.jpg	image/jpeg	3019
564	268	preview	sites/files/gainesfilm/images/1000102113.preview.jpg	image/jpeg	49553
565	269	_original	sites/files/gainesfilm/images/1000102114.jpg	image/jpeg	672826
566	269	thumbnail	sites/files/gainesfilm/images/1000102114.thumbnail.jpg	image/jpeg	3968
567	269	preview	sites/files/gainesfilm/images/1000102114.preview.jpg	image/jpeg	93927
568	270	_original	sites/files/gainesfilm/images/1000102115.jpg	image/jpeg	432770
569	270	thumbnail	sites/files/gainesfilm/images/1000102115.thumbnail.jpg	image/jpeg	3083
570	270	preview	sites/files/gainesfilm/images/1000102115.preview.jpg	image/jpeg	54167
571	271	_original	sites/files/gainesfilm/images/1000102116.jpg	image/jpeg	520928
572	271	thumbnail	sites/files/gainesfilm/images/1000102116.thumbnail.jpg	image/jpeg	3707
573	271	preview	sites/files/gainesfilm/images/1000102116.preview.jpg	image/jpeg	71696
574	272	_original	sites/files/gainesfilm/images/1000102117.jpg	image/jpeg	411868
575	272	thumbnail	sites/files/gainesfilm/images/1000102117.thumbnail.jpg	image/jpeg	2893
576	272	preview	sites/files/gainesfilm/images/1000102117.preview.jpg	image/jpeg	54460
577	273	_original	sites/files/gainesfilm/images/1000102118.jpg	image/jpeg	412228
578	273	thumbnail	sites/files/gainesfilm/images/1000102118.thumbnail.jpg	image/jpeg	3711
579	273	preview	sites/files/gainesfilm/images/1000102118.preview.jpg	image/jpeg	61417
580	274	_original	sites/files/gainesfilm/images/1000102119.jpg	image/jpeg	365709
581	274	thumbnail	sites/files/gainesfilm/images/1000102119.thumbnail.jpg	image/jpeg	3621
582	274	preview	sites/files/gainesfilm/images/1000102119.preview.jpg	image/jpeg	55139
583	275	_original	sites/files/gainesfilm/images/1000102120.jpg	image/jpeg	408817
584	275	thumbnail	sites/files/gainesfilm/images/1000102120.thumbnail.jpg	image/jpeg	3887
585	275	preview	sites/files/gainesfilm/images/1000102120.preview.jpg	image/jpeg	63965
586	276	_original	sites/files/gainesfilm/images/1000102121.jpg	image/jpeg	392152
587	276	thumbnail	sites/files/gainesfilm/images/1000102121.thumbnail.jpg	image/jpeg	3818
588	276	preview	sites/files/gainesfilm/images/1000102121.preview.jpg	image/jpeg	59590
589	277	_original	sites/files/gainesfilm/images/1000102122.jpg	image/jpeg	424359
590	277	thumbnail	sites/files/gainesfilm/images/1000102122.thumbnail.jpg	image/jpeg	3736
591	277	preview	sites/files/gainesfilm/images/1000102122.preview.jpg	image/jpeg	63016
592	278	_original	sites/files/gainesfilm/images/1000102123.jpg	image/jpeg	325485
593	278	thumbnail	sites/files/gainesfilm/images/1000102123.thumbnail.jpg	image/jpeg	2276
594	278	preview	sites/files/gainesfilm/images/1000102123.preview.jpg	image/jpeg	34659
595	279	_original	sites/files/gainesfilm/images/1000102124.jpg	image/jpeg	433911
596	279	thumbnail	sites/files/gainesfilm/images/1000102124.thumbnail.jpg	image/jpeg	2864
597	279	preview	sites/files/gainesfilm/images/1000102124.preview.jpg	image/jpeg	53156
598	280	_original	sites/files/gainesfilm/images/1000102125.jpg	image/jpeg	423443
599	280	thumbnail	sites/files/gainesfilm/images/1000102125.thumbnail.jpg	image/jpeg	2999
600	280	preview	sites/files/gainesfilm/images/1000102125.preview.jpg	image/jpeg	57135
601	281	_original	sites/files/gainesfilm/images/1000102126.jpg	image/jpeg	391472
602	281	thumbnail	sites/files/gainesfilm/images/1000102126.thumbnail.jpg	image/jpeg	2666
603	281	preview	sites/files/gainesfilm/images/1000102126.preview.jpg	image/jpeg	48596
604	282	_original	sites/files/gainesfilm/images/1000102127.jpg	image/jpeg	449593
605	282	thumbnail	sites/files/gainesfilm/images/1000102127.thumbnail.jpg	image/jpeg	2871
606	282	preview	sites/files/gainesfilm/images/1000102127.preview.jpg	image/jpeg	57193
607	283	_original	sites/files/gainesfilm/images/1000102128.jpg	image/jpeg	477885
608	283	thumbnail	sites/files/gainesfilm/images/1000102128.thumbnail.jpg	image/jpeg	2963
609	283	preview	sites/files/gainesfilm/images/1000102128.preview.jpg	image/jpeg	58833
624	284	_original	sites/files/gainesfilm/images/D_hilliker_cabinet_dr.__82541-1.jpg	image/jpeg	399861
625	284	thumbnail	sites/files/gainesfilm/images/D_hilliker_cabinet_dr.__82541-1.thumbnail.jpg	image/jpeg	1886
626	284	preview	sites/files/gainesfilm/images/D_hilliker_cabinet_dr.__82541-1.preview.jpg	image/jpeg	49878
627	285	_original	sites/files/gainesfilm/images/D_hilliker_cabinet_dr.__82541-2.jpg	image/jpeg	162603
628	285	thumbnail	sites/files/gainesfilm/images/D_hilliker_cabinet_dr.__82541-2.thumbnail.jpg	image/jpeg	1110
629	285	preview	sites/files/gainesfilm/images/D_hilliker_cabinet_dr.__82541-2.preview.jpg	image/jpeg	17853
630	286	_original	sites/files/gainesfilm/images/D_hilliker_cabinet_dr.__82541-3.jpg	image/jpeg	331391
631	286	thumbnail	sites/files/gainesfilm/images/D_hilliker_cabinet_dr.__82541-3.thumbnail.jpg	image/jpeg	1798
632	286	preview	sites/files/gainesfilm/images/D_hilliker_cabinet_dr.__82541-3.preview.jpg	image/jpeg	42126
633	287	_original	sites/files/gainesfilm/images/D_hilliker_cabinet_dr.__82541-4.jpg	image/jpeg	220783
634	287	thumbnail	sites/files/gainesfilm/images/D_hilliker_cabinet_dr.__82541-4.thumbnail.jpg	image/jpeg	1456
635	287	preview	sites/files/gainesfilm/images/D_hilliker_cabinet_dr.__82541-4.preview.jpg	image/jpeg	29057
636	288	_original	sites/files/gainesfilm/images/D_hilliker_cabinet_dr.__82541-5.jpg	image/jpeg	293580
637	288	thumbnail	sites/files/gainesfilm/images/D_hilliker_cabinet_dr.__82541-5.thumbnail.jpg	image/jpeg	1205
638	288	preview	sites/files/gainesfilm/images/D_hilliker_cabinet_dr.__82541-5.preview.jpg	image/jpeg	28173
639	289	_original	sites/files/gainesfilm/images/D_hilliker_cabinet_dr.__82541-6.jpg	image/jpeg	417945
640	289	thumbnail	sites/files/gainesfilm/images/D_hilliker_cabinet_dr.__82541-6.thumbnail.jpg	image/jpeg	1823
641	289	preview	sites/files/gainesfilm/images/D_hilliker_cabinet_dr.__82541-6.preview.jpg	image/jpeg	53523
642	290	_original	sites/files/gainesfilm/images/D_hilliker_cabinet_dr.__82541-7.jpg	image/jpeg	347600
643	290	thumbnail	sites/files/gainesfilm/images/D_hilliker_cabinet_dr.__82541-7.thumbnail.jpg	image/jpeg	1522
644	290	preview	sites/files/gainesfilm/images/D_hilliker_cabinet_dr.__82541-7.preview.jpg	image/jpeg	39273
645	291	_original	sites/files/gainesfilm/images/D_hilliker_cabinet_dr.__82541-8.jpg	image/jpeg	223335
646	291	thumbnail	sites/files/gainesfilm/images/D_hilliker_cabinet_dr.__82541-8.thumbnail.jpg	image/jpeg	1414
647	291	preview	sites/files/gainesfilm/images/D_hilliker_cabinet_dr.__82541-8.preview.jpg	image/jpeg	29312
648	292	_original	sites/files/gainesfilm/images/D_hilliker_cabinet_dr.__82541-9.jpg	image/jpeg	173530
649	292	thumbnail	sites/files/gainesfilm/images/D_hilliker_cabinet_dr.__82541-9.thumbnail.jpg	image/jpeg	1164
650	292	preview	sites/files/gainesfilm/images/D_hilliker_cabinet_dr.__82541-9.preview.jpg	image/jpeg	19533
651	293	_original	sites/files/gainesfilm/images/G_hilliker_article_dec._1917-1.jpg	image/jpeg	875831
652	293	thumbnail	sites/files/gainesfilm/images/G_hilliker_article_dec._1917-1.thumbnail.jpg	image/jpeg	3042
653	293	preview	sites/files/gainesfilm/images/G_hilliker_article_dec._1917-1.preview.jpg	image/jpeg	103572
654	294	_original	sites/files/gainesfilm/images/G_hilliker_article_dec._1917-2.jpg	image/jpeg	766277
655	294	thumbnail	sites/files/gainesfilm/images/G_hilliker_article_dec._1917-2.thumbnail.jpg	image/jpeg	3028
656	294	preview	sites/files/gainesfilm/images/G_hilliker_article_dec._1917-2.preview.jpg	image/jpeg	89485
657	295	_original	sites/files/gainesfilm/images/G_hilliker_article_dec._1917-3.jpg	image/jpeg	749824
658	295	thumbnail	sites/files/gainesfilm/images/G_hilliker_article_dec._1917-3.thumbnail.jpg	image/jpeg	2820
659	295	preview	sites/files/gainesfilm/images/G_hilliker_article_dec._1917-3.preview.jpg	image/jpeg	93191
660	296	_original	sites/files/gainesfilm/images/H_katherine_hilliker_bi_82523-1.jpg	image/jpeg	316609
661	296	thumbnail	sites/files/gainesfilm/images/H_katherine_hilliker_bi_82523-1.thumbnail.jpg	image/jpeg	1659
662	296	preview	sites/files/gainesfilm/images/H_katherine_hilliker_bi_82523-1.preview.jpg	image/jpeg	40880
663	297	_original	sites/files/gainesfilm/images/H_katherine_hilliker_bi_82523-2.jpg	image/jpeg	236394
664	297	thumbnail	sites/files/gainesfilm/images/H_katherine_hilliker_bi_82523-2.thumbnail.jpg	image/jpeg	1374
665	297	preview	sites/files/gainesfilm/images/H_katherine_hilliker_bi_82523-2.preview.jpg	image/jpeg	28573
666	298	_original	sites/files/gainesfilm/images/J_hilliker_personal_his_8262B-1.jpg	image/jpeg	1363710
667	298	thumbnail	sites/files/gainesfilm/images/J_hilliker_personal_his_8262B-1.thumbnail.jpg	image/jpeg	2580
668	298	preview	sites/files/gainesfilm/images/J_hilliker_personal_his_8262B-1.preview.jpg	image/jpeg	80627
669	299	_original	sites/files/gainesfilm/images/J_hilliker_personal_his_8262B-2.jpg	image/jpeg	1246792
670	299	thumbnail	sites/files/gainesfilm/images/J_hilliker_personal_his_8262B-2.thumbnail.jpg	image/jpeg	2467
671	299	preview	sites/files/gainesfilm/images/J_hilliker_personal_his_8262B-2.preview.jpg	image/jpeg	76419
672	300	_original	sites/files/gainesfilm/images/J_hilliker_personal_his_8262B-3.jpg	image/jpeg	1354265
673	300	thumbnail	sites/files/gainesfilm/images/J_hilliker_personal_his_8262B-3.thumbnail.jpg	image/jpeg	2716
674	300	preview	sites/files/gainesfilm/images/J_hilliker_personal_his_8262B-3.preview.jpg	image/jpeg	88655
675	301	_original	sites/files/gainesfilm/images/J_hilliker_personal_his_8262B-4.jpg	image/jpeg	1039850
676	301	thumbnail	sites/files/gainesfilm/images/J_hilliker_personal_his_8262B-4.thumbnail.jpg	image/jpeg	2246
677	301	preview	sites/files/gainesfilm/images/J_hilliker_personal_his_8262B-4.preview.jpg	image/jpeg	64571
678	302	_original	sites/files/gainesfilm/images/E_hilliker_telegrams_1925-1.jpg	image/jpeg	380315
679	302	thumbnail	sites/files/gainesfilm/images/E_hilliker_telegrams_1925-1.thumbnail.jpg	image/jpeg	1910
680	302	preview	sites/files/gainesfilm/images/E_hilliker_telegrams_1925-1.preview.jpg	image/jpeg	41759
681	303	_original	sites/files/gainesfilm/images/E_hilliker_telegrams_1925-2.jpg	image/jpeg	612024
682	303	thumbnail	sites/files/gainesfilm/images/E_hilliker_telegrams_1925-2.thumbnail.jpg	image/jpeg	1600
683	303	preview	sites/files/gainesfilm/images/E_hilliker_telegrams_1925-2.preview.jpg	image/jpeg	40272
684	304	_original	sites/files/gainesfilm/images/K_hilliker-caldwell_sun_82603-1.jpg	image/jpeg	745668
685	304	thumbnail	sites/files/gainesfilm/images/K_hilliker-caldwell_sun_82603-1.thumbnail.jpg	image/jpeg	2167
686	304	preview	sites/files/gainesfilm/images/K_hilliker-caldwell_sun_82603-1.preview.jpg	image/jpeg	40695
687	305	_original	sites/files/gainesfilm/images/K_hilliker-caldwell_sun_82603-2.jpg	image/jpeg	389981
688	305	thumbnail	sites/files/gainesfilm/images/K_hilliker-caldwell_sun_82603-2.thumbnail.jpg	image/jpeg	1606
689	305	preview	sites/files/gainesfilm/images/K_hilliker-caldwell_sun_82603-2.preview.jpg	image/jpeg	24580
690	306	_original	sites/files/gainesfilm/images/K_hilliker-caldwell_sun_82603-3.jpg	image/jpeg	285430
691	306	thumbnail	sites/files/gainesfilm/images/K_hilliker-caldwell_sun_82603-3.thumbnail.jpg	image/jpeg	1354
692	306	preview	sites/files/gainesfilm/images/K_hilliker-caldwell_sun_82603-3.preview.jpg	image/jpeg	17737
693	307	_original	sites/files/gainesfilm/images/king_vidor_transcript1.jpg	image/jpeg	1091705
694	307	thumbnail	sites/files/gainesfilm/images/king_vidor_transcript1.thumbnail.jpg	image/jpeg	2350
695	307	preview	sites/files/gainesfilm/images/king_vidor_transcript1.preview.jpg	image/jpeg	59545
696	308	_original	sites/files/gainesfilm/images/king_vidor_transcript2.jpg	image/jpeg	1215419
697	308	thumbnail	sites/files/gainesfilm/images/king_vidor_transcript2.thumbnail.jpg	image/jpeg	2511
698	308	preview	sites/files/gainesfilm/images/king_vidor_transcript2.preview.jpg	image/jpeg	56682
699	309	_original	sites/files/gainesfilm/images/king_vidor_transcript3.jpg	image/jpeg	1134257
700	309	thumbnail	sites/files/gainesfilm/images/king_vidor_transcript3.thumbnail.jpg	image/jpeg	2292
701	309	preview	sites/files/gainesfilm/images/king_vidor_transcript3.preview.jpg	image/jpeg	58628
702	310	_original	sites/files/gainesfilm/images/renoir_letter1.jpg	image/jpeg	361802
703	310	thumbnail	sites/files/gainesfilm/images/renoir_letter1.thumbnail.jpg	image/jpeg	2290
704	310	preview	sites/files/gainesfilm/images/renoir_letter1.preview.jpg	image/jpeg	40494
705	311	_original	sites/files/gainesfilm/images/renoir_letter2.jpg	image/jpeg	565363
706	311	thumbnail	sites/files/gainesfilm/images/renoir_letter2.thumbnail.jpg	image/jpeg	2390
707	311	preview	sites/files/gainesfilm/images/renoir_letter2.preview.jpg	image/jpeg	41096
724	312	preview	sites/files/gainesfilm/images/cinema_16_rashomon_pamphlet1.preview.jpg	image/jpeg	43282
725	313	_original	sites/files/gainesfilm/images/cinema_16_rashomon_pamphlet2.jpg	image/jpeg	1356693
726	313	thumbnail	sites/files/gainesfilm/images/cinema_16_rashomon_pamphlet2.thumbnail.jpg	image/jpeg	2236
727	313	preview	sites/files/gainesfilm/images/cinema_16_rashomon_pamphlet2.preview.jpg	image/jpeg	72311
728	314	_original	sites/files/gainesfilm/images/cinema_16_rashomon_pamphlet3.jpg	image/jpeg	737148
729	314	thumbnail	sites/files/gainesfilm/images/cinema_16_rashomon_pamphlet3.thumbnail.jpg	image/jpeg	2314
730	314	preview	sites/files/gainesfilm/images/cinema_16_rashomon_pamphlet3.preview.jpg	image/jpeg	68933
731	315	_original	sites/files/gainesfilm/images/cinema_16_rashomon_pamphlet4.jpg	image/jpeg	779467
732	315	thumbnail	sites/files/gainesfilm/images/cinema_16_rashomon_pamphlet4.thumbnail.jpg	image/jpeg	2215
733	315	preview	sites/files/gainesfilm/images/cinema_16_rashomon_pamphlet4.preview.jpg	image/jpeg	71720
734	316	_original	sites/files/gainesfilm/images/cinema_16_rashomon_pamphlet5.jpg	image/jpeg	744802
735	316	thumbnail	sites/files/gainesfilm/images/cinema_16_rashomon_pamphlet5.thumbnail.jpg	image/jpeg	2219
736	316	preview	sites/files/gainesfilm/images/cinema_16_rashomon_pamphlet5.preview.jpg	image/jpeg	71332
737	317	_original	sites/files/gainesfilm/images/cinema_16_rashomon_pamphlet6.jpg	image/jpeg	1293815
738	317	thumbnail	sites/files/gainesfilm/images/cinema_16_rashomon_pamphlet6.thumbnail.jpg	image/jpeg	2244
739	317	preview	sites/files/gainesfilm/images/cinema_16_rashomon_pamphlet6.preview.jpg	image/jpeg	70753
740	318	_original	sites/files/gainesfilm/images/cinema_16_rashomon_pamphlet7.jpg	image/jpeg	1299385
741	318	thumbnail	sites/files/gainesfilm/images/cinema_16_rashomon_pamphlet7.thumbnail.jpg	image/jpeg	2248
742	318	preview	sites/files/gainesfilm/images/cinema_16_rashomon_pamphlet7.preview.jpg	image/jpeg	68873
743	319	_original	sites/files/gainesfilm/images/Pages from program_announcemet_1952-1.jpg	image/jpeg	447760
744	319	thumbnail	sites/files/gainesfilm/images/Pages from program_announcemet_1952-1.thumbnail.jpg	image/jpeg	2296
745	319	preview	sites/files/gainesfilm/images/Pages from program_announcemet_1952-1.preview.jpg	image/jpeg	43245
746	320	_original	sites/files/gainesfilm/images/Pages from program_announcemet_1952-2.jpg	image/jpeg	496719
747	320	thumbnail	sites/files/gainesfilm/images/Pages from program_announcemet_1952-2.thumbnail.jpg	image/jpeg	2244
748	320	preview	sites/files/gainesfilm/images/Pages from program_announcemet_1952-2.preview.jpg	image/jpeg	54585
749	321	_original	sites/files/gainesfilm/images/Pages from program_announcemet_1952-3.jpg	image/jpeg	502536
750	321	thumbnail	sites/files/gainesfilm/images/Pages from program_announcemet_1952-3.thumbnail.jpg	image/jpeg	2258
751	321	preview	sites/files/gainesfilm/images/Pages from program_announcemet_1952-3.preview.jpg	image/jpeg	54093
752	322	_original	sites/files/gainesfilm/images/Pages from program_announcemet_1952-4.jpg	image/jpeg	575488
753	322	thumbnail	sites/files/gainesfilm/images/Pages from program_announcemet_1952-4.thumbnail.jpg	image/jpeg	2420
754	322	preview	sites/files/gainesfilm/images/Pages from program_announcemet_1952-4.preview.jpg	image/jpeg	54420
755	323	_original	sites/files/gainesfilm/images/Pages from program_announcemet_1952-5.jpg	image/jpeg	477356
756	323	thumbnail	sites/files/gainesfilm/images/Pages from program_announcemet_1952-5.thumbnail.jpg	image/jpeg	2286
757	323	preview	sites/files/gainesfilm/images/Pages from program_announcemet_1952-5.preview.jpg	image/jpeg	51225
768	324	_original	sites/files/gainesfilm/images/vogel_esquire1.jpg	image/jpeg	1134285
769	324	thumbnail	sites/files/gainesfilm/images/vogel_esquire1.thumbnail.jpg	image/jpeg	2282
770	324	preview	sites/files/gainesfilm/images/vogel_esquire1.preview.jpg	image/jpeg	60420
771	325	_original	sites/files/gainesfilm/images/vogel_esquire2.jpg	image/jpeg	1217950
772	325	thumbnail	sites/files/gainesfilm/images/vogel_esquire2.thumbnail.jpg	image/jpeg	2245
773	325	preview	sites/files/gainesfilm/images/vogel_esquire2.preview.jpg	image/jpeg	59612
774	400	110094001.jpg	sites/files/gainesfilm/110094001.jpg	image/jpeg	160158
775	400	110094002.jpg	sites/files/gainesfilm/110094002.jpg	image/jpeg	155222
776	400	110094003.jpg	sites/files/gainesfilm/110094003.jpg	image/jpeg	160035
777	400	110094004.jpg	sites/files/gainesfilm/110094004.jpg	image/jpeg	151999
778	400	110094005.jpg	sites/files/gainesfilm/110094005.jpg	image/jpeg	115875
779	401	_original	sites/files/gainesfilm/images/110094006.jpg	image/jpeg	145604
780	401	thumbnail	sites/files/gainesfilm/images/110094006.thumbnail.jpg	image/jpeg	2298
781	401	preview	sites/files/gainesfilm/images/110094006.preview.jpg	image/jpeg	38681
782	402	_original	sites/files/gainesfilm/images/110094007.jpg	image/jpeg	130376
783	402	thumbnail	sites/files/gainesfilm/images/110094007.thumbnail.jpg	image/jpeg	1629
784	402	preview	sites/files/gainesfilm/images/110094007.preview.jpg	image/jpeg	31307
785	403	_original	sites/files/gainesfilm/images/110094008.jpg	image/jpeg	151482
786	403	thumbnail	sites/files/gainesfilm/images/110094008.thumbnail.jpg	image/jpeg	1881
787	403	preview	sites/files/gainesfilm/images/110094008.preview.jpg	image/jpeg	38791
788	404	_original	sites/files/gainesfilm/images/110094009.jpg	image/jpeg	127184
789	404	thumbnail	sites/files/gainesfilm/images/110094009.thumbnail.jpg	image/jpeg	2017
790	404	preview	sites/files/gainesfilm/images/110094009.preview.jpg	image/jpeg	30420
791	405	_original	sites/files/gainesfilm/images/110094010.jpg	image/jpeg	123220
792	405	thumbnail	sites/files/gainesfilm/images/110094010.thumbnail.jpg	image/jpeg	1617
793	405	preview	sites/files/gainesfilm/images/110094010.preview.jpg	image/jpeg	29559
794	406	_original	sites/files/gainesfilm/images/110094011.jpg	image/jpeg	89305
795	406	thumbnail	sites/files/gainesfilm/images/110094011.thumbnail.jpg	image/jpeg	1465
796	406	preview	sites/files/gainesfilm/images/110094011.preview.jpg	image/jpeg	19296
987	471	thumbnail	sites/files/gainesfilm/images/Baumwindow2.thumbnail.jpg	image/jpeg	3478
986	471	_original	sites/files/gainesfilm/images/Baumwindow2.jpg	image/jpeg	59028
799	408	110094015.jpg	sites/files/gainesfilm/110094015.jpg	image/jpeg	128253
800	408	110094015.jpg	sites/files/gainesfilm/110094015_0.jpg	image/jpeg	128253
980	469	_original	sites/files/gainesfilm/images/110094012.jpg	image/jpeg	184011
802	410	110094017.jpg	sites/files/gainesfilm/110094017.jpg	image/jpeg	201366
803	410	110094018.jpg	sites/files/gainesfilm/110094018.jpg	image/jpeg	186517
804	410	110094019.jpg	sites/files/gainesfilm/110094019.jpg	image/jpeg	149079
805	410	110094020.jpg	sites/files/gainesfilm/110094020.jpg	image/jpeg	169387
806	410	110094021.jpg	sites/files/gainesfilm/110094021.jpg	image/jpeg	137385
807	410	110094022.jpg	sites/files/gainesfilm/110094022.jpg	image/jpeg	109675
808	411	110094023.jpg	sites/files/gainesfilm/110094023.jpg	image/jpeg	161003
809	411	110094024.jpg	sites/files/gainesfilm/110094024.jpg	image/jpeg	120841
810	412	_original	sites/files/gainesfilm/images/110094025.jpg	image/jpeg	186955
811	412	thumbnail	sites/files/gainesfilm/images/110094025.thumbnail.jpg	image/jpeg	1691
812	412	preview	sites/files/gainesfilm/images/110094025.preview.jpg	image/jpeg	36709
813	413	_original	sites/files/gainesfilm/images/110094059.jpg	image/jpeg	152465
814	413	thumbnail	sites/files/gainesfilm/images/110094059.thumbnail.jpg	image/jpeg	2888
815	413	preview	sites/files/gainesfilm/images/110094059.preview.jpg	image/jpeg	40224
816	414	_original	sites/files/gainesfilm/images/110094060.jpg	image/jpeg	84134
817	414	thumbnail	sites/files/gainesfilm/images/110094060.thumbnail.jpg	image/jpeg	2168
818	414	preview	sites/files/gainesfilm/images/110094060.preview.jpg	image/jpeg	19644
819	415	_original	sites/files/gainesfilm/images/110094061.jpg	image/jpeg	180834
820	415	thumbnail	sites/files/gainesfilm/images/110094061.thumbnail.jpg	image/jpeg	3105
821	415	preview	sites/files/gainesfilm/images/110094061.preview.jpg	image/jpeg	48124
822	416	_original	sites/files/gainesfilm/images/110094062.jpg	image/jpeg	178837
823	416	thumbnail	sites/files/gainesfilm/images/110094062.thumbnail.jpg	image/jpeg	1904
824	416	preview	sites/files/gainesfilm/images/110094062.preview.jpg	image/jpeg	44943
825	417	_original	sites/files/gainesfilm/images/110094063.jpg	image/jpeg	139063
826	417	thumbnail	sites/files/gainesfilm/images/110094063.thumbnail.jpg	image/jpeg	1725
827	417	preview	sites/files/gainesfilm/images/110094063.preview.jpg	image/jpeg	31262
828	418	_original	sites/files/gainesfilm/images/110094064.jpg	image/jpeg	151295
829	418	thumbnail	sites/files/gainesfilm/images/110094064.thumbnail.jpg	image/jpeg	2545
830	418	preview	sites/files/gainesfilm/images/110094064.preview.jpg	image/jpeg	38214
831	419	_original	sites/files/gainesfilm/images/110094065.jpg	image/jpeg	276766
832	419	thumbnail	sites/files/gainesfilm/images/110094065.thumbnail.jpg	image/jpeg	2974
833	419	preview	sites/files/gainesfilm/images/110094065.preview.jpg	image/jpeg	74381
834	420	_original	sites/files/gainesfilm/images/110094066.jpg	image/jpeg	194521
835	420	thumbnail	sites/files/gainesfilm/images/110094066.thumbnail.jpg	image/jpeg	2360
836	420	preview	sites/files/gainesfilm/images/110094066.preview.jpg	image/jpeg	51452
837	421	_original	sites/files/gainesfilm/images/110094067.jpg	image/jpeg	121008
838	421	thumbnail	sites/files/gainesfilm/images/110094067.thumbnail.jpg	image/jpeg	1632
839	421	preview	sites/files/gainesfilm/images/110094067.preview.jpg	image/jpeg	26174
840	422	_original	sites/files/gainesfilm/images/110094068.jpg	image/jpeg	81075
841	422	thumbnail	sites/files/gainesfilm/images/110094068.thumbnail.jpg	image/jpeg	1017
842	422	preview	sites/files/gainesfilm/images/110094068.preview.jpg	image/jpeg	15722
843	423	110094069.jpg	sites/files/gainesfilm/110094069.jpg	image/jpeg	154162
844	423	110094070.jpg	sites/files/gainesfilm/110094070.jpg	image/jpeg	138961
845	423	110094071.jpg	sites/files/gainesfilm/110094071.jpg	image/jpeg	138642
846	423	110094072.jpg	sites/files/gainesfilm/110094072.jpg	image/jpeg	183214
847	423	110094073.jpg	sites/files/gainesfilm/110094073.jpg	image/jpeg	189425
848	423	110094074.jpg	sites/files/gainesfilm/110094074.jpg	image/jpeg	193635
849	423	110094075.jpg	sites/files/gainesfilm/110094075.jpg	image/jpeg	118296
978	468	thumbnail	sites/files/gainesfilm/images/110094016.thumbnail.jpg	image/jpeg	2405
977	468	_original	sites/files/gainesfilm/images/110094016.jpg	image/jpeg	284508
852	425	_original	sites/files/gainesfilm/images/110094078.jpg	image/jpeg	116564
853	425	thumbnail	sites/files/gainesfilm/images/110094078.thumbnail.jpg	image/jpeg	1921
854	425	preview	sites/files/gainesfilm/images/110094078.preview.jpg	image/jpeg	29589
855	426	110094079.jpg	sites/files/gainesfilm/110094079.jpg	image/jpeg	122845
856	426	110094080.jpg	sites/files/gainesfilm/110094080.jpg	image/jpeg	121427
857	427	_original	sites/files/gainesfilm/images/110094081.jpg	image/jpeg	125861
858	427	thumbnail	sites/files/gainesfilm/images/110094081.thumbnail.jpg	image/jpeg	1647
859	427	preview	sites/files/gainesfilm/images/110094081.preview.jpg	image/jpeg	29917
860	428	_original	sites/files/gainesfilm/images/110094082.jpg	image/jpeg	139689
861	428	thumbnail	sites/files/gainesfilm/images/110094082.thumbnail.jpg	image/jpeg	1736
862	428	preview	sites/files/gainesfilm/images/110094082.preview.jpg	image/jpeg	34953
863	429	_original	sites/files/gainesfilm/images/110094083.jpg	image/jpeg	131036
864	429	thumbnail	sites/files/gainesfilm/images/110094083.thumbnail.jpg	image/jpeg	1414
865	429	preview	sites/files/gainesfilm/images/110094083.preview.jpg	image/jpeg	28535
866	430	_original	sites/files/gainesfilm/images/110094084.jpg	image/jpeg	158172
867	430	thumbnail	sites/files/gainesfilm/images/110094084.thumbnail.jpg	image/jpeg	1962
868	430	preview	sites/files/gainesfilm/images/110094084.preview.jpg	image/jpeg	42582
973	466	preview	sites/files/gainesfilm/images/110094076.preview.jpg	image/jpeg	28960
871	432	_original	sites/files/gainesfilm/images/110094028.jpg	image/jpeg	176804
872	432	thumbnail	sites/files/gainesfilm/images/110094028.thumbnail.jpg	image/jpeg	2557
873	432	preview	sites/files/gainesfilm/images/110094028.preview.jpg	image/jpeg	40322
874	433	_original	sites/files/gainesfilm/images/110094029.jpg	image/jpeg	199512
875	433	thumbnail	sites/files/gainesfilm/images/110094029.thumbnail.jpg	image/jpeg	2581
876	433	preview	sites/files/gainesfilm/images/110094029.preview.jpg	image/jpeg	51538
877	434	_original	sites/files/gainesfilm/images/110094030.jpg	image/jpeg	201739
878	434	thumbnail	sites/files/gainesfilm/images/110094030.thumbnail.jpg	image/jpeg	3122
879	434	preview	sites/files/gainesfilm/images/110094030.preview.jpg	image/jpeg	55603
880	435	_original	sites/files/gainesfilm/images/110094031.jpg	image/jpeg	166370
881	435	thumbnail	sites/files/gainesfilm/images/110094031.thumbnail.jpg	image/jpeg	3166
882	435	preview	sites/files/gainesfilm/images/110094031.preview.jpg	image/jpeg	47085
883	436	_original	sites/files/gainesfilm/images/110094032.jpg	image/jpeg	164190
884	436	thumbnail	sites/files/gainesfilm/images/110094032.thumbnail.jpg	image/jpeg	2678
885	436	preview	sites/files/gainesfilm/images/110094032.preview.jpg	image/jpeg	44752
886	437	_original	sites/files/gainesfilm/images/110094033.jpg	image/jpeg	178461
887	437	thumbnail	sites/files/gainesfilm/images/110094033.thumbnail.jpg	image/jpeg	3207
888	437	preview	sites/files/gainesfilm/images/110094033.preview.jpg	image/jpeg	47684
889	438	_original	sites/files/gainesfilm/images/110094034.jpg	image/jpeg	154190
890	438	thumbnail	sites/files/gainesfilm/images/110094034.thumbnail.jpg	image/jpeg	2899
891	438	preview	sites/files/gainesfilm/images/110094034.preview.jpg	image/jpeg	40087
892	439	_original	sites/files/gainesfilm/images/110094035.jpg	image/jpeg	176337
893	439	thumbnail	sites/files/gainesfilm/images/110094035.thumbnail.jpg	image/jpeg	2669
894	439	preview	sites/files/gainesfilm/images/110094035.preview.jpg	image/jpeg	45673
895	440	_original	sites/files/gainesfilm/images/110094036.jpg	image/jpeg	162777
896	440	thumbnail	sites/files/gainesfilm/images/110094036.thumbnail.jpg	image/jpeg	2828
897	440	preview	sites/files/gainesfilm/images/110094036.preview.jpg	image/jpeg	45991
898	441	_original	sites/files/gainesfilm/images/110094037.jpg	image/jpeg	215471
899	441	thumbnail	sites/files/gainesfilm/images/110094037.thumbnail.jpg	image/jpeg	3253
900	441	preview	sites/files/gainesfilm/images/110094037.preview.jpg	image/jpeg	59062
901	442	_original	sites/files/gainesfilm/images/110094038.jpg	image/jpeg	214691
902	442	thumbnail	sites/files/gainesfilm/images/110094038.thumbnail.jpg	image/jpeg	3095
903	442	preview	sites/files/gainesfilm/images/110094038.preview.jpg	image/jpeg	57258
904	443	_original	sites/files/gainesfilm/images/110094039.jpg	image/jpeg	183837
905	443	thumbnail	sites/files/gainesfilm/images/110094039.thumbnail.jpg	image/jpeg	2912
906	443	preview	sites/files/gainesfilm/images/110094039.preview.jpg	image/jpeg	49458
907	444	_original	sites/files/gainesfilm/images/110094040.jpg	image/jpeg	111414
908	444	thumbnail	sites/files/gainesfilm/images/110094040.thumbnail.jpg	image/jpeg	2251
909	444	preview	sites/files/gainesfilm/images/110094040.preview.jpg	image/jpeg	26430
910	445	_original	sites/files/gainesfilm/images/110094041.jpg	image/jpeg	122498
911	445	thumbnail	sites/files/gainesfilm/images/110094041.thumbnail.jpg	image/jpeg	2206
912	445	preview	sites/files/gainesfilm/images/110094041.preview.jpg	image/jpeg	32583
913	446	_original	sites/files/gainesfilm/images/110094042.jpg	image/jpeg	180542
914	446	thumbnail	sites/files/gainesfilm/images/110094042.thumbnail.jpg	image/jpeg	2721
915	446	preview	sites/files/gainesfilm/images/110094042.preview.jpg	image/jpeg	48083
916	447	_original	sites/files/gainesfilm/images/110094043.jpg	image/jpeg	132596
917	447	thumbnail	sites/files/gainesfilm/images/110094043.thumbnail.jpg	image/jpeg	1625
918	447	preview	sites/files/gainesfilm/images/110094043.preview.jpg	image/jpeg	30528
919	448	_original	sites/files/gainesfilm/images/110094044.jpg	image/jpeg	243243
920	448	thumbnail	sites/files/gainesfilm/images/110094044.thumbnail.jpg	image/jpeg	2929
921	448	preview	sites/files/gainesfilm/images/110094044.preview.jpg	image/jpeg	63041
922	449	_original	sites/files/gainesfilm/images/110094045.jpg	image/jpeg	254200
923	449	thumbnail	sites/files/gainesfilm/images/110094045.thumbnail.jpg	image/jpeg	2054
924	449	preview	sites/files/gainesfilm/images/110094045.preview.jpg	image/jpeg	66830
925	450	_original	sites/files/gainesfilm/images/110094046.jpg	image/jpeg	207233
926	450	thumbnail	sites/files/gainesfilm/images/110094046.thumbnail.jpg	image/jpeg	1777
927	450	preview	sites/files/gainesfilm/images/110094046.preview.jpg	image/jpeg	50131
928	451	_original	sites/files/gainesfilm/images/110094047.jpg	image/jpeg	108466
929	451	thumbnail	sites/files/gainesfilm/images/110094047.thumbnail.jpg	image/jpeg	1442
930	451	preview	sites/files/gainesfilm/images/110094047.preview.jpg	image/jpeg	24377
931	452	_original	sites/files/gainesfilm/images/110094048.jpg	image/jpeg	199996
932	452	thumbnail	sites/files/gainesfilm/images/110094048.thumbnail.jpg	image/jpeg	2005
933	452	preview	sites/files/gainesfilm/images/110094048.preview.jpg	image/jpeg	43263
934	453	_original	sites/files/gainesfilm/images/110094049.jpg	image/jpeg	154195
935	453	thumbnail	sites/files/gainesfilm/images/110094049.thumbnail.jpg	image/jpeg	2211
936	453	preview	sites/files/gainesfilm/images/110094049.preview.jpg	image/jpeg	40554
937	454	_original	sites/files/gainesfilm/images/110094050.jpg	image/jpeg	184474
938	454	thumbnail	sites/files/gainesfilm/images/110094050.thumbnail.jpg	image/jpeg	2335
939	454	preview	sites/files/gainesfilm/images/110094050.preview.jpg	image/jpeg	50446
940	455	_original	sites/files/gainesfilm/images/110094051.jpg	image/jpeg	200757
941	455	thumbnail	sites/files/gainesfilm/images/110094051.thumbnail.jpg	image/jpeg	2379
942	455	preview	sites/files/gainesfilm/images/110094051.preview.jpg	image/jpeg	55574
943	456	_original	sites/files/gainesfilm/images/110094052.jpg	image/jpeg	136729
944	456	thumbnail	sites/files/gainesfilm/images/110094052.thumbnail.jpg	image/jpeg	1629
945	456	preview	sites/files/gainesfilm/images/110094052.preview.jpg	image/jpeg	30598
946	457	_original	sites/files/gainesfilm/images/110094053.jpg	image/jpeg	211744
947	457	thumbnail	sites/files/gainesfilm/images/110094053.thumbnail.jpg	image/jpeg	2178
948	457	preview	sites/files/gainesfilm/images/110094053.preview.jpg	image/jpeg	56868
949	458	_original	sites/files/gainesfilm/images/110094054.jpg	image/jpeg	178746
950	458	thumbnail	sites/files/gainesfilm/images/110094054.thumbnail.jpg	image/jpeg	2044
951	458	preview	sites/files/gainesfilm/images/110094054.preview.jpg	image/jpeg	46719
952	459	_original	sites/files/gainesfilm/images/110094055.jpg	image/jpeg	234595
953	459	thumbnail	sites/files/gainesfilm/images/110094055.thumbnail.jpg	image/jpeg	2541
954	459	preview	sites/files/gainesfilm/images/110094055.preview.jpg	image/jpeg	57479
955	460	_original	sites/files/gainesfilm/images/110094056.jpg	image/jpeg	257578
956	460	thumbnail	sites/files/gainesfilm/images/110094056.thumbnail.jpg	image/jpeg	3430
957	460	preview	sites/files/gainesfilm/images/110094056.preview.jpg	image/jpeg	66782
958	461	_original	sites/files/gainesfilm/images/110094057.jpg	image/jpeg	244529
959	461	thumbnail	sites/files/gainesfilm/images/110094057.thumbnail.jpg	image/jpeg	2442
960	461	preview	sites/files/gainesfilm/images/110094057.preview.jpg	image/jpeg	63448
961	462	_original	sites/files/gainesfilm/images/110094058.jpg	image/jpeg	243864
962	462	thumbnail	sites/files/gainesfilm/images/110094058.thumbnail.jpg	image/jpeg	2407
963	462	preview	sites/files/gainesfilm/images/110094058.preview.jpg	image/jpeg	63364
972	466	thumbnail	sites/files/gainesfilm/images/110094076.thumbnail.jpg	image/jpeg	1578
971	466	_original	sites/files/gainesfilm/images/110094076.jpg	image/jpeg	118117
974	467	_original	sites/files/gainesfilm/images/110094077.jpg	image/jpeg	149752
975	467	thumbnail	sites/files/gainesfilm/images/110094077.thumbnail.jpg	image/jpeg	1630
976	467	preview	sites/files/gainesfilm/images/110094077.preview.jpg	image/jpeg	35939
979	468	preview	sites/files/gainesfilm/images/110094016.preview.jpg	image/jpeg	73855
981	469	thumbnail	sites/files/gainesfilm/images/110094012.thumbnail.jpg	image/jpeg	2127
982	469	preview	sites/files/gainesfilm/images/110094012.preview.jpg	image/jpeg	49121
983	470	_original	sites/files/gainesfilm/images/110094013.jpg	image/jpeg	135834
984	470	thumbnail	sites/files/gainesfilm/images/110094013.thumbnail.jpg	image/jpeg	1748
985	470	preview	sites/files/gainesfilm/images/110094013.preview.jpg	image/jpeg	34163